title,company,location,link
,,,
Python Software Engineer,featured,"London, UK",https://stackoverflow.com/jobs/512649/python-software-engineer-jpmorgan-chase-bank-na
,,,
Software Developer (Python),Picnic,"Amsterdam, Netherlands",https://stackoverflow.com/jobs/292346/software-developer-python-picnic
,,,
Python Software Engineer,R2,"New York, NY",https://stackoverflow.com/jobs/502021/python-software-engineer-r2
,,,
Python Software Developer,"Old Mission Capital, LLC","Chicago, IL",https://stackoverflow.com/jobs/237203/python-software-developer-old-mission-capital-llc
,,,
Senior Backend Engineer (Python/Django),NewtonX,"New York, NY",https://stackoverflow.com/jobs/470973/senior-backend-engineer-python-django-newtonx
,,,
Python Backend Developer,Werum IT Solutions - inCyght Data Science,"Budapest, Ungarn",https://stackoverflow.com/jobs/372243/python-backend-developer-werum-it-solutions-incyght
,,,
Software Developer (Python),Nexthink,"Prilly, Switzerland",https://stackoverflow.com/jobs/471159/software-developer-python-nexthink
,,,
Principal Python Engineer,ComplyAdvantage,"London, UK",https://stackoverflow.com/jobs/504216/principal-python-engineer-complyadvantage
,,,
Python Developer,UKG (Ultimate Kronos Group),No office location,https://stackoverflow.com/jobs/487629/python-developer-ukg-ultimate-kronos-group
,,,
(Junior) Python Software Developer (m/w/d),ENERCON GmbH,"Bremen, Deutschland",https://stackoverflow.com/jobs/487071/junior-python-software-developer-m-w-d-enercon-gmbh
,,,
Senior Marketing Software Engineer (Python) - 5605,"Chewy, Inc.","Dania Beach, FL",https://stackoverflow.com/jobs/501814/senior-marketing-software-engineer-python-5605-chewy-inc
,,,
Full-Stack Engineer (Python OR Javascript),Neo4j,"Malmö, Sweden",https://stackoverflow.com/jobs/362199/full-stack-engineer-python-or-javascript-neo4j
,,,
Backend Engineer (Python),Zattoo,"Berlin, Germany",https://stackoverflow.com/jobs/472439/backend-engineer-python-zattoo
,,,
Senior Python Developer,Trafilea,No office location,https://stackoverflow.com/jobs/501177/senior-python-developer-trafilea
,,,
Senior Backend Engineer (Python),HealthJoy,No office location,https://stackoverflow.com/jobs/454589/senior-backend-engineer-python-healthjoy
,,,
Senior Backend Engineer (Python/Django),Financial Technology Partners,"San Francisco, CA",https://stackoverflow.com/jobs/446918/senior-backend-engineer-python-django-financial-technology-partners
,,,
Senior Python Engineer,SteepRock Inc,No office location,https://stackoverflow.com/jobs/383269/senior-python-engineer-steeprock-inc
,,,
Python Software Engineer,Captivation Software,"Fort Meade, MD",https://stackoverflow.com/jobs/449506/python-software-engineer-captivation-software
,,,
"Full Stack Software Engineer (Python, Vue, Shopify)",Opinew,No office location,https://stackoverflow.com/jobs/503426/full-stack-software-engineer-python-vue-opinew
,,,
Senior Python Developer,Spiria,"Oakville, ON, Canada",https://stackoverflow.com/jobs/506445/senior-python-developer-spiria
,,,
Python Developer,Octopus Energy,"London, UK",https://stackoverflow.com/jobs/468269/python-developer-octopus-energy
,,,
C++ and Python software engineers - Metrology,ASML,"Veldhoven, Netherlands",https://stackoverflow.com/jobs/512001/c-plus-plus-and-python-software-engineers-metrology-asml
,,,
Senior Software Developer Python (m/f/d),Ströer Online Marketing,"Hamburg, Deutschland",https://stackoverflow.com/jobs/462625/senior-software-developer-python-m-f-d-str%C3%B6er-online-marketing
,,,
Senior Software Engineer - Python,DIGARC,No office location,https://stackoverflow.com/jobs/425402/senior-software-engineer-python-digarc
,,,
Fullstack Entwickler (m/w/d) für R-/Python-Applikationen,Bundesdruckerei GmbH,"Hannover, Deutschland",https://stackoverflow.com/jobs/508309/fullstack-entwickler-m-w-d-f%C3%BCr-r-python-bundesdruckerei-gmbh
,,,
Data Scientist/Data Engineering 경력사원 공고,"
LG전자",서울특별시,https://kr.indeed.com/%EC%B1%84%EC%9A%A9%EB%B3%B4%EA%B8%B0?jk=8fd83c6a728843c0
,,,
2021 토스 전 계열사 대규모,"
비바리퍼블리카",서울 강남구,https://kr.indeed.com/%EC%B1%84%EC%9A%A9%EB%B3%B4%EA%B8%B0?jk=39e99c8ed1d40a8f
,,,
솔루션 엔지니어 (Network Infra),"
글로벌 네트워크 회사",서울 강남구,https://kr.indeed.com/%EC%B1%84%EC%9A%A9%EB%B3%B4%EA%B8%B0?jk=c52b13ca64b943c1
,,,
NLP Researcher,"
AITRICS",서울,https://kr.indeed.com/%EC%B1%84%EC%9A%A9%EB%B3%B4%EA%B8%B0?jk=3cf01580ba5eb23a
,,,
AI 분야 박사 신입/경력,"
LG CNS",서울특별시,https://kr.indeed.com/%EC%B1%84%EC%9A%A9%EB%B3%B4%EA%B8%B0?jk=c8bf4fa58999927f
,,,
(주)푸드머스 고객 데이터분석/기획 경력채용,"
풀무원",서울특별시,https://kr.indeed.com/%EC%B1%84%EC%9A%A9%EB%B3%B4%EA%B8%B0?jk=2adee76aff2a0781
,,,
[진행중]우리은행 빅데이터사업부 전문직(데이터분석가(ML/DL)) 채용공고,"
우리은행",서울 회현동,https://kr.indeed.com/%EC%B1%84%EC%9A%A9%EB%B3%B4%EA%B8%B0?jk=b2f89ae15b936d9c
,,,
2021년 한화시스템 방산부문 프로젝트/기간제 엔지니어 채용(상시),"
한화그룹",서울,https://kr.indeed.com/%EC%B1%84%EC%9A%A9%EB%B3%B4%EA%B8%B0?jk=2b09f13b5790dd69
,,,
"빅데이터, Python 외 신입 정규직","
주)씽크풀",서울 영등포구,https://kr.indeed.com/%EC%B1%84%EC%9A%A9%EB%B3%B4%EA%B8%B0?jk=f91bdb1160ad64d2
,,,
NLP Engineer for AI Startup (remote),"
MIND AI",서울,https://kr.indeed.com/%EC%B1%84%EC%9A%A9%EB%B3%B4%EA%B8%B0?jk=a22173d071050949
,,,
Software Engineer,"
Google",서울,https://kr.indeed.com/%EC%B1%84%EC%9A%A9%EB%B3%B4%EA%B8%B0?jk=e7c8c2b11f24fb43
,,,
Data Scientist,"
Motion2AI",서울,https://kr.indeed.com/%EC%B1%84%EC%9A%A9%EB%B3%B4%EA%B8%B0?jk=3202bf1a79e70cb2
,,,
[Search] 동영상 검색 백엔드 개발 신입/경력,"
네이버",서울,https://kr.indeed.com/%EC%B1%84%EC%9A%A9%EB%B3%B4%EA%B8%B0?jk=87837b22b2d66b12
,,,
Developer / Designer recruit,"
마이뮤직테이스트",서울 논현동,https://kr.indeed.com/%EC%B1%84%EC%9A%A9%EB%B3%B4%EA%B8%B0?jk=55a19c92c845685e
,,,
[대기업 그룹 IT 리딩기업]- AI 직무관련 다수 [과장급이상/처우최상수준으로 진행],"
yesconsulting",서울 종로구,https://kr.indeed.com/%EC%B1%84%EC%9A%A9%EB%B3%B4%EA%B8%B0?jk=dc029852eaddcc42
,,,
AI/빅데이터/클라우드 분야 (인재 Pool),"
LG유플러스",서울,https://kr.indeed.com/%EC%B1%84%EC%9A%A9%EB%B3%B4%EA%B8%B0?jk=be95b5718905880f
,,,
Deep Learning R&D Engineer,"
Intel",서울,https://kr.indeed.com/%EC%B1%84%EC%9A%A9%EB%B3%B4%EA%B8%B0?jk=a6357089799f9975
,,,
퀀트 개발자 (Quant Developer),"
ATZ Inc.",서울,https://kr.indeed.com/%EC%B1%84%EC%9A%A9%EB%B3%B4%EA%B8%B0?jk=27ea6faf6a8516fd
,,,
"웹개발, Python 외 신입/경력 계약직","
쿠바로엠앤씨",서울 강서구,https://kr.indeed.com/%EC%B1%84%EC%9A%A9%EB%B3%B4%EA%B8%B0?jk=84fd9f9deb6105b0
,,,
(주)신세계아이앤씨 경력사원 상시,"
신세계아이앤씨",서울 중구,https://kr.indeed.com/%EC%B1%84%EC%9A%A9%EB%B3%B4%EA%B8%B0?jk=b5b88516a299bbb2
,,,
데이터 분야 경력,"
LG CNS",서울,https://kr.indeed.com/%EC%B1%84%EC%9A%A9%EB%B3%B4%EA%B8%B0?jk=010d38b18b07b6bb
,,,
BIM Manager,"
SYSTRA",서울,https://kr.indeed.com/%EC%B1%84%EC%9A%A9%EB%B3%B4%EA%B8%B0?jk=112e58d399a83a19
,,,
OLED 광학 분야 경력사원,"
LG디스플레이",서울 마곡역,https://kr.indeed.com/%EC%B1%84%EC%9A%A9%EB%B3%B4%EA%B8%B0?jk=b30b332cacf6dc2d
,,,
Native Korean Speaking Software Test QA Engineer,"
TikTok",서울 여의도역,https://kr.indeed.com/%EC%B1%84%EC%9A%A9%EB%B3%B4%EA%B8%B0?jk=cc8638c882ae74c5
,,,
석유화학사업본부 DX(Digital Transformation)분야 경력사원 (설비관리/생산최적화/AI),"
LG화학",서울 영등포구,https://kr.indeed.com/%EC%B1%84%EC%9A%A9%EB%B3%B4%EA%B8%B0?jk=8bf450b32fd92156
,,,
2021 Global Data Internship - Seoul (Korean Speaker),"
Bloomberg",서울,https://kr.indeed.com/%EC%B1%84%EC%9A%A9%EB%B3%B4%EA%B8%B0?jk=18f62dc644a89e0c
,,,
국내카드사 DW개발/운영.,"
제이엔커리어",서울 서초구,https://kr.indeed.com/%EC%B1%84%EC%9A%A9%EB%B3%B4%EA%B8%B0?jk=2ad0f62f50147fa4
,,,
각 분야별 인재 Pool 등록,"
지투알",서울,https://kr.indeed.com/%EC%B1%84%EC%9A%A9%EB%B3%B4%EA%B8%B0?jk=e631d46f39019d13
,,,
HE Cryptographer,"
Intel",서울,https://kr.indeed.com/%EC%B1%84%EC%9A%A9%EB%B3%B4%EA%B8%B0?jk=bd71e33adadfe4ac
,,,
MI(Market Intelligence)담당 마케팅 전략 경력사원,"
LG전자",서울 영등포구,https://kr.indeed.com/%EC%B1%84%EC%9A%A9%EB%B3%B4%EA%B8%B0?jk=54e0d08c99dcf507
,,,
(수정)동국대학교 데이터분석팀 일반연구원(계약직) 채용,"
동국대학교",서울 필동,https://kr.indeed.com/%EC%B1%84%EC%9A%A9%EB%B3%B4%EA%B8%B0?jk=6bf25be7270a4108
,,,
Cross Border Ecommerce - Business Intelligence (Based in Seoul),"
Shopee",서울,https://kr.indeed.com/%EC%B1%84%EC%9A%A9%EB%B3%B4%EA%B8%B0?jk=b574f1454ae36aab
,,,
2021 Market Data Analyst - Seoul,"
Bloomberg",서울,https://kr.indeed.com/%EC%B1%84%EC%9A%A9%EB%B3%B4%EA%B8%B0?jk=e8a4630bec0783e8
,,,
[넥슨·엔씨소프트등] 자바·파이썬 응용SW 개발자 양성교육 · 동종업계 신입 초봉5천1,"
한국직업전문학교",서울 구로구,https://kr.indeed.com/%EC%B1%84%EC%9A%A9%EB%B3%B4%EA%B8%B0?jk=4698c0e2364b5576
,,,
그린뉴딜분야 연계형 교육 참여,"
사단법인 한국벰스협회",서울 구로구,https://kr.indeed.com/%EC%B1%84%EC%9A%A9%EB%B3%B4%EA%B8%B0?jk=14076e1efa25f8da
,,,
[개발자] 꿈 찾아드립니다. 저희와 함께하세요,"
ICON",서울 강남구,https://kr.indeed.com/%EC%B1%84%EC%9A%A9%EB%B3%B4%EA%B8%B0?jk=206550813b58865d
,,,
[상시 ] Data Scientist (대리급/과-차장급/정규직),"
라이나생명보험",서울 종로구,https://kr.indeed.com/%EC%B1%84%EC%9A%A9%EB%B3%B4%EA%B8%B0?jk=e9ac1a8708b8e784
,,,
마케팅데이터 분석전문가 (빅데이터),"
Exdigm",서울,https://kr.indeed.com/%EC%B1%84%EC%9A%A9%EB%B3%B4%EA%B8%B0?jk=ccbd0e36b20627c2
,,,
"금융 데이터 분석 엔진, 로보어드바이저 개발자","
에스비씨엔",서울 영등포구,https://kr.indeed.com/%EC%B1%84%EC%9A%A9%EB%B3%B4%EA%B8%B0?jk=649ccf047c868778
,,,
Internship for Green Growth Performance Measurement -Health and Social Welfare,"
Global Green Growth Institute",서울,https://kr.indeed.com/%EC%B1%84%EC%9A%A9%EB%B3%B4%EA%B8%B0?jk=92ec1289aa20da51
,,,
"Field Applications Engineer, Audio","
Dolby",서울,https://kr.indeed.com/%EC%B1%84%EC%9A%A9%EB%B3%B4%EA%B8%B0?jk=7cb5c3076d1701db
,,,
Junior Quant Trader,"
Byzantine Partners",서울,https://kr.indeed.com/%EC%B1%84%EC%9A%A9%EB%B3%B4%EA%B8%B0?jk=25725b3c0e607311
,,,
[Janssen] Data Scientist,"
Johnson & Johnson Family of Companies",서울,https://kr.indeed.com/%EC%B1%84%EC%9A%A9%EB%B3%B4%EA%B8%B0?jk=4bd70fb8a220d90d
,,,
[Search] 네이버/LINE 지역검색 및 추천 서비스 개발 신입/경력,"
네이버",서울,https://kr.indeed.com/%EC%B1%84%EC%9A%A9%EB%B3%B4%EA%B8%B0?jk=85289ba67bb1634d
,,,
[Search] [Vision] Computer Vision Engineer 신입/경력사원,"
네이버",서울,https://kr.indeed.com/%EC%B1%84%EC%9A%A9%EB%B3%B4%EA%B8%B0?jk=f9dcc4b277dfcebc
,,,
백엔드 개발자,"
스포카",서울 강남구,https://kr.indeed.com/%EC%B1%84%EC%9A%A9%EB%B3%B4%EA%B8%B0?jk=d7aaaa2b192f4d94
,,,
Data Analytics SA,"
Amazon Web Services Korea LLC",서울,https://kr.indeed.com/%EC%B1%84%EC%9A%A9%EB%B3%B4%EA%B8%B0?jk=9a818d9d91db847d
,,,
Datacenter Engineer (강원도 춘천 근무),"
Oracle",서울,https://kr.indeed.com/%EC%B1%84%EC%9A%A9%EB%B3%B4%EA%B8%B0?jk=fd4cb07161910b14
,,,
Business Data Analyst,"
PUBG",서울,https://kr.indeed.com/%EC%B1%84%EC%9A%A9%EB%B3%B4%EA%B8%B0?jk=5fabc892216e1c62
,,,
[Biz] 버티컬 서비스(여행/Flyer) & 광고플랫폼 FE/BE 개발 경력사원,"
네이버",서울,https://kr.indeed.com/%EC%B1%84%EC%9A%A9%EB%B3%B4%EA%B8%B0?jk=93c307b1bbc3fa17
,,,
데이터 사이언티스트 초빙,"
에이치앤티어세스",서울 서초구,https://kr.indeed.com/%EC%B1%84%EC%9A%A9%EB%B3%B4%EA%B8%B0?jk=ca0306392b156e54
,,,
Field AI Engineer,"
Graphcore",서울,https://kr.indeed.com/%EC%B1%84%EC%9A%A9%EB%B3%B4%EA%B8%B0?jk=9e1861e691426a98
,,,
Customer Engineer,"
Microsoft",서울,https://kr.indeed.com/%EC%B1%84%EC%9A%A9%EB%B3%B4%EA%B8%B0?jk=7d4bc2a107c6669b
,,,
기술 인턴 인공지능 응용 연구/개발 인턴,"
써로마인드로보틱스",서울 관악구,https://kr.indeed.com/%EC%B1%84%EC%9A%A9%EB%B3%B4%EA%B8%B0?jk=71c47ac87bb4087e
,,,
Data Engineer(신입),"
PUBG",서울,https://kr.indeed.com/%EC%B1%84%EC%9A%A9%EB%B3%B4%EA%B8%B0?jk=210243e0776dc26f
,,,
[Biz] 광고 공통플랫폼 Data Engineer/DMP Engineer 경력사원,"
네이버",서울,https://kr.indeed.com/%EC%B1%84%EC%9A%A9%EB%B3%B4%EA%B8%B0?jk=82d3ee89cf6b7fb3
,,,
Software Engineer (Back-end),"
Streami",서울,https://kr.indeed.com/%EC%B1%84%EC%9A%A9%EB%B3%B4%EA%B8%B0?jk=3d5f8e364a71247e
,,,
[대기업 통신사] 데이터 사이언티스트 초빙,"
TrueHR",서울 용산구,https://kr.indeed.com/%EC%B1%84%EC%9A%A9%EB%B3%B4%EA%B8%B0?jk=969d5d92ff231296
,,,
한화손해보험_디지털전략팀 경력 채용,"
한화그룹",서울,https://kr.indeed.com/%EC%B1%84%EC%9A%A9%EB%B3%B4%EA%B8%B0?jk=a7e7823c3f0ad866
,,,
물류/보안 부문 경력사원 채용 공고,"
삼성SDS",서울 신천동,https://kr.indeed.com/%EC%B1%84%EC%9A%A9%EB%B3%B4%EA%B8%B0?jk=9f53f61ccad5fce1
,,,
"Systems Engineer, Ground Truth Automation","
NVIDIA",서울,https://kr.indeed.com/%EC%B1%84%EC%9A%A9%EB%B3%B4%EA%B8%B0?jk=194bbf20319d9f24
,,,
현대무벡스 경력사원 상시,"
현대무벡스",서울 종로구,https://kr.indeed.com/%EC%B1%84%EC%9A%A9%EB%B3%B4%EA%B8%B0?jk=d4c52ba1a491a8b9
,,,
Security Engineer (취약점 분석),"
Toss",서울 강남구,https://kr.indeed.com/%EC%B1%84%EC%9A%A9%EB%B3%B4%EA%B8%B0?jk=96688eea9c1a9e28
,,,
[Search] 네이버 검색시스템 DevOps 신입 개발자,"
네이버",서울,https://kr.indeed.com/%EC%B1%84%EC%9A%A9%EB%B3%B4%EA%B8%B0?jk=515cf3cc8bff3ed4
,,,
[어니컴(주)] 데이터 분석가 신입/경력,"
어니컴",서울 용산구,https://kr.indeed.com/%EC%B1%84%EC%9A%A9%EB%B3%B4%EA%B8%B0?jk=c8d13289019f260f
,,,
신한AI 인공지능(AI) 인력,"
신한에이아이",서울 영등포구,https://kr.indeed.com/%EC%B1%84%EC%9A%A9%EB%B3%B4%EA%B8%B0?jk=a2b8aae664300392
,,,
이공계 전문기술 연수사업 수강생,"
경기도경제과학진흥원",서울,https://kr.indeed.com/%EC%B1%84%EC%9A%A9%EB%B3%B4%EA%B8%B0?jk=60d03da8a3724068
,,,
Data Scientist,"
Toss",서울 강남구,https://kr.indeed.com/%EC%B1%84%EC%9A%A9%EB%B3%B4%EA%B8%B0?jk=7af6301dc691d3ab
,,,
빅데이터 분석(머신러닝/딥러닝) 컨설턴트 정규직,"
디앤아이컨설팅",서울 동대문구,https://kr.indeed.com/%EC%B1%84%EC%9A%A9%EB%B3%B4%EA%B8%B0?jk=e7cc2dd53f8b03b7
,,,
Python Programmer,"
Mofac",서울 서초구,https://kr.indeed.com/%EC%B1%84%EC%9A%A9%EB%B3%B4%EA%B8%B0?jk=df21e3bb5d773616
,,,
건강식품 상품기획 / 영업 / 개발 / 온라인 MD,"
네이처프라임",서울 동대문구,https://kr.indeed.com/%EC%B1%84%EC%9A%A9%EB%B3%B4%EA%B8%B0?jk=bfa1ae74821d0025
,,,
머신러닝 개발자 모집,"
넷마블",서울 구로구,https://kr.indeed.com/%EC%B1%84%EC%9A%A9%EB%B3%B4%EA%B8%B0?jk=481f953ccaa4bc96
,,,
블록체인 시스템 엔지니어 양성과정 교육생,"
에프앤이노에듀",서울,https://kr.indeed.com/%EC%B1%84%EC%9A%A9%EB%B3%B4%EA%B8%B0?jk=bf908061bb75a00a
,,,
Advanced Support Engineer / Cloud Expert,"
Oracle",서울,https://kr.indeed.com/%EC%B1%84%EC%9A%A9%EB%B3%B4%EA%B8%B0?jk=05b7596f44f7da50
,,,
[Garage] Data Engineer,"
IBM",서울,https://kr.indeed.com/%EC%B1%84%EC%9A%A9%EB%B3%B4%EA%B8%B0?jk=a24eee6864638bc4
,,,
"[Search] 파파고 머신러닝(자연어처리, 컴퓨터비전) 엔지니어 신입/경력","
네이버",서울,https://kr.indeed.com/%EC%B1%84%EC%9A%A9%EB%B3%B4%EA%B8%B0?jk=e9d6c53d8915adf6
,,,
[인재풀] 아티스트,"
Electronic Arts",서울,https://kr.indeed.com/%EC%B1%84%EC%9A%A9%EB%B3%B4%EA%B8%B0?jk=aac8e9355cb855ac
,,,
Security Engineer (모의해킹/취약점 점검),"
Toss",서울 강남구,https://kr.indeed.com/%EC%B1%84%EC%9A%A9%EB%B3%B4%EA%B8%B0?jk=b1b1b1e754bccf6b
,,,
Senior Analyst - Data Analytics,"
McKinsey & Company",서울,https://kr.indeed.com/%EC%B1%84%EC%9A%A9%EB%B3%B4%EA%B8%B0?jk=cfc6c4d6a4cd83bd
,,,
Business Analyst (Coupang Eats),"
Coupang",서울,https://kr.indeed.com/%EC%B1%84%EC%9A%A9%EB%B3%B4%EA%B8%B0?jk=75291751255b54e3
,,,
국내 메이저 건설사 건설업 로보틱스/자율주행 전문 개발 포지션 ASAP,"
국내 메이저 건설사 건설업 로보틱스/자율주행 전문 개발 포지션 ASAP",서울 종로구,https://kr.indeed.com/%EC%B1%84%EC%9A%A9%EB%B3%B4%EA%B8%B0?jk=99fff6b8c3d20d8b
,,,
Business Data Analyst,"
Soomgo",서울 강남구,https://kr.indeed.com/%EC%B1%84%EC%9A%A9%EB%B3%B4%EA%B8%B0?jk=166aa0c72e94a266
,,,
2020년 하반기 영업/기획/마케팅/개발 부문,"
아우토크립트",서울 영등포구,https://kr.indeed.com/%EC%B1%84%EC%9A%A9%EB%B3%B4%EA%B8%B0?jk=4e91309fc89e9534
,,,
(주)신세계아이앤씨 AI/클라우드 부문 상시,"
신세계아이앤씨",서울 중구,https://kr.indeed.com/%EC%B1%84%EC%9A%A9%EB%B3%B4%EA%B8%B0?jk=01296857655fc85f
,,,
[브랜디] 경영본부/사업본부/개발직군 신입 및 경력,"
브랜디",서울 강남구,https://kr.indeed.com/%EC%B1%84%EC%9A%A9%EB%B3%B4%EA%B8%B0?jk=cd5ca556791f1f79
,,,
1분기 개발자 (신입/경력),"
이스트게임즈",서울 서초구,https://kr.indeed.com/%EC%B1%84%EC%9A%A9%EB%B3%B4%EA%B8%B0?jk=6bfec9fa5d0c15f5
,,,
Data Specialist (Scientist&&Engineer),"
아우름플래닛",서울 마포구,https://kr.indeed.com/%EC%B1%84%EC%9A%A9%EB%B3%B4%EA%B8%B0?jk=dd4d8e59a4a9265d
,,,
Staff Field Application Engineer,"
Dolby",서울,https://kr.indeed.com/%EC%B1%84%EC%9A%A9%EB%B3%B4%EA%B8%B0?jk=dee1c9e840dc5691
,,,
Developer for HANA Cloud Service Enablement,"
SAP",서울,https://kr.indeed.com/%EC%B1%84%EC%9A%A9%EB%B3%B4%EA%B8%B0?jk=f662fffea08657c5
,,,
Back-end Engineer (Python),"
Soomgo",서울 강남구,https://kr.indeed.com/%EC%B1%84%EC%9A%A9%EB%B3%B4%EA%B8%B0?jk=752a4b5d63eac97c
,,,
[유명 신용카드사] DW 개발 및 운영 (과장급),"
제이앤피에이치알컨설팅",서울,https://kr.indeed.com/%EC%B1%84%EC%9A%A9%EB%B3%B4%EA%B8%B0?jk=e102ecd63f16bc51
,,,
Front-end Developer,"
WiKi Security Co., Ltd.",서울,https://kr.indeed.com/%EC%B1%84%EC%9A%A9%EB%B3%B4%EA%B8%B0?jk=58ceabf36eb5519a
,,,
Solutions Engineer,"
f5",서울,https://kr.indeed.com/%EC%B1%84%EC%9A%A9%EB%B3%B4%EA%B8%B0?jk=661a80939b1acd30
,,,
"Manager Consumer Data Seoul, South Korea Consumer","
Philip Morris International",서울,https://kr.indeed.com/%EC%B1%84%EC%9A%A9%EB%B3%B4%EA%B8%B0?jk=9a79000f44a1e214
,,,
Test Coordination/System Development Engineer for Connected Navigation System,"
Mercedes-Benz Korea Limited",서울,https://kr.indeed.com/%EC%B1%84%EC%9A%A9%EB%B3%B4%EA%B8%B0?jk=d8a62e7b5d4e0996
,,,
Infra Software Engineer,"
Toss",서울 강남구,https://kr.indeed.com/%EC%B1%84%EC%9A%A9%EB%B3%B4%EA%B8%B0?jk=f97d8d627c3d7362
,,,
"Software Engineer, Machine Learning","
Google",서울,https://kr.indeed.com/%EC%B1%84%EC%9A%A9%EB%B3%B4%EA%B8%B0?jk=4f319862856fe9c1
,,,
[AI/Lab] AI 백엔드 엔지니어 (전문연구요원 가능),"
버즈니",서울,https://kr.indeed.com/%EC%B1%84%EC%9A%A9%EB%B3%B4%EA%B8%B0?jk=dbe3257e487e5814
,,,
"Application Engineer South Korea (Physics, EE)","
Zurich Instruments",대한민국,https://kr.indeed.com/%EC%B1%84%EC%9A%A9%EB%B3%B4%EA%B8%B0?jk=444320d2e49672dc
,,,
DevOps Engineer,"
Toss",서울 강남구,https://kr.indeed.com/%EC%B1%84%EC%9A%A9%EB%B3%B4%EA%B8%B0?jk=5d2bbe4c649db4f4
,,,
백엔드 개발자,"
RippleAI",서울 관악구,https://kr.indeed.com/%EC%B1%84%EC%9A%A9%EB%B3%B4%EA%B8%B0?jk=3715424cbfe0e064
,,,
자연어처러(NLP) 리서처/개발자,"
주식회사 바운티팜",서울 역삼역,https://kr.indeed.com/%EC%B1%84%EC%9A%A9%EB%B3%B4%EA%B8%B0?jk=0e894c3561c377f6
,,,
Sr. Manager for Logistics digital transformation,"
Thermo Fisher Scientific",서울,https://kr.indeed.com/%EC%B1%84%EC%9A%A9%EB%B3%B4%EA%B8%B0?jk=18ed6f92a291d134
,,,
클라우드 인프라 운영 담당자 모집,"
넷마블",서울 구로구,https://kr.indeed.com/%EC%B1%84%EC%9A%A9%EB%B3%B4%EA%B8%B0?jk=bcd2f0630e298aa3
,,,
Front-end 개발자,"
(주)위키시큐리티",서울,https://kr.indeed.com/%EC%B1%84%EC%9A%A9%EB%B3%B4%EA%B8%B0?jk=98569acf584e0b31
,,,
백엔드 파운트 시스템 엔지니어 (현재 급여수준 이상 보장),"
파운트",서울 충정로역,https://kr.indeed.com/%EC%B1%84%EC%9A%A9%EB%B3%B4%EA%B8%B0?jk=d6c05c588971df5a
,,,
자연어처리전문가 금융챗봇 만들어 갈 엔지니어,"
파운트",서울 충정로역,https://kr.indeed.com/%EC%B1%84%EC%9A%A9%EB%B3%B4%EA%B8%B0?jk=a50fce6cc2cb57c9
,,,
"프론트엔드, 백엔드 개발 경력 정규직","
토이스미스",서울 강남구,https://kr.indeed.com/%EC%B1%84%EC%9A%A9%EB%B3%B4%EA%B8%B0?jk=fdd1ec500461c093
,,,
DevOps Developer,"
IBM",서울,https://kr.indeed.com/%EC%B1%84%EC%9A%A9%EB%B3%B4%EA%B8%B0?jk=0b9b89d4aca5a012
,,,
"Java, Python 영상툴 개발자","
에이아이메이커",서울 마곡동,https://kr.indeed.com/%EC%B1%84%EC%9A%A9%EB%B3%B4%EA%B8%B0?jk=cae2de07045cfb2b
,,,
[데이터 플랫폼]데이터 엔지니어 (전문연구요원 가능),"
버즈니",서울,https://kr.indeed.com/%EC%B1%84%EC%9A%A9%EB%B3%B4%EA%B8%B0?jk=ceb8243bc8ae3c35
,,,
8퍼센트 개발자 (신입/경력),"
8퍼센트",서울 종로구,https://kr.indeed.com/%EC%B1%84%EC%9A%A9%EB%B3%B4%EA%B8%B0?jk=8af26b37623864c4
,,,
[검색] 프론트엔드 엔지니어 (전문연구요원 가능),"
버즈니",서울,https://kr.indeed.com/%EC%B1%84%EC%9A%A9%EB%B3%B4%EA%B8%B0?jk=5bfcdbb81dd0d7be
,,,
열정있는 데이터엔지니어(DB엔지니어 및 데이터분석가)를 모집합니다.,"
(주)비트나인",서울 강서구,https://kr.indeed.com/%EC%B1%84%EC%9A%A9%EB%B3%B4%EA%B8%B0?jk=db1597cbe1aac52e
,,,
Data Engineer,"
KidsLoop",서울,https://kr.indeed.com/%EC%B1%84%EC%9A%A9%EB%B3%B4%EA%B8%B0?jk=e899e93a507e6dcb
,,,
Solutions Engineer (과장 ~ 부장급),"
Cloud Security & Application",서울 강남구,https://kr.indeed.com/%EC%B1%84%EC%9A%A9%EB%B3%B4%EA%B8%B0?jk=a25e09cf5d803404
,,,
Web Full-Stack Engineer,"
NVIDIA",서울,https://kr.indeed.com/%EC%B1%84%EC%9A%A9%EB%B3%B4%EA%B8%B0?jk=edf8d34357ba0747
,,,
Security Engineer (모의해킹),"
Toss",서울 강남구,https://kr.indeed.com/%EC%B1%84%EC%9A%A9%EB%B3%B4%EA%B8%B0?jk=0b03d57e900ac140
,,,
[AI/Lab] AI 백엔드 엔지니어 (마케팅 분야),"
버즈니",서울,https://kr.indeed.com/%EC%B1%84%EC%9A%A9%EB%B3%B4%EA%B8%B0?jk=1d2b22a2bcd3256f
,,,
AI 비전 인식 시스템 및 아키텍쳐 설계 알고리즘 개발,"
국내 대기업 / 화물 운송업 / 조단위 이상 매출 기업",서울,https://kr.indeed.com/%EC%B1%84%EC%9A%A9%EB%B3%B4%EA%B8%B0?jk=c718580e48cf1c75
,,,
Internal Infra Engineer,"
Toss",서울 강남구,https://kr.indeed.com/%EC%B1%84%EC%9A%A9%EB%B3%B4%EA%B8%B0?jk=741cc6ac364ea9be
,,,
Analytics Specialist,"
MightyHive",서울,https://kr.indeed.com/%EC%B1%84%EC%9A%A9%EB%B3%B4%EA%B8%B0?jk=419692b3ddb34768
,,,
[L'Oreal Korea] IT Business Analyst,"
L'Oreal",서울,https://kr.indeed.com/%EC%B1%84%EC%9A%A9%EB%B3%B4%EA%B8%B0?jk=db26147e9223e38a
,,,
Data Scientist,"
Soomgo",서울 강남구,https://kr.indeed.com/%EC%B1%84%EC%9A%A9%EB%B3%B4%EA%B8%B0?jk=917cc06120add6e1
,,,
Associate Solutions Architect,"
Amazon Web Services Korea LLC",서울,https://kr.indeed.com/%EC%B1%84%EC%9A%A9%EB%B3%B4%EA%B8%B0?jk=d53c1e2dbb7cf02c
,,,
AI Service Planning/Business Development,"
AITRICS",서울,https://kr.indeed.com/%EC%B1%84%EC%9A%A9%EB%B3%B4%EA%B8%B0?jk=91aa3bd221ee815b
,,,
위시켓과 함께할 서버개발자님,"
위시켓",서울 강남구,https://kr.indeed.com/%EC%B1%84%EC%9A%A9%EB%B3%B4%EA%B8%B0?jk=a3a65a4d59061430
,,,
Application Engineer ( Silicondash),"
Synopsys",서울,https://kr.indeed.com/%EC%B1%84%EC%9A%A9%EB%B3%B4%EA%B8%B0?jk=3c516818303c4d51
,,,
백엔드 서버 개발자,"
더스윙",서울 용산구,https://kr.indeed.com/%EC%B1%84%EC%9A%A9%EB%B3%B4%EA%B8%B0?jk=673478b35ea0f58d
,,,
메시징 서버 개발자,"
더스윙",서울 용산구,https://kr.indeed.com/%EC%B1%84%EC%9A%A9%EB%B3%B4%EA%B8%B0?jk=f5e6d9581b1c141d
,,,
[전문연구요원] ML/DL 연구원 및 SW 개발자,"
뷰노코리아",서울 서초구,https://kr.indeed.com/%EC%B1%84%EC%9A%A9%EB%B3%B4%EA%B8%B0?jk=73f619e964a56a10
,,,
Credit Risk 모델러,"
Toss",서울 강남구,https://kr.indeed.com/%EC%B1%84%EC%9A%A9%EB%B3%B4%EA%B8%B0?jk=ad3dfd853ea7ef40
,,,
신약개발 및 프론트엔드/백엔드 개발자,"
아론티어",서울 서초구,https://kr.indeed.com/%EC%B1%84%EC%9A%A9%EB%B3%B4%EA%B8%B0?jk=25bd2e9729d88096
,,,
"드론 데이터 스타트업, 엔젤스윙 엔지니어","
엔젤스윙",서울 관악구,https://kr.indeed.com/%EC%B1%84%EC%9A%A9%EB%B3%B4%EA%B8%B0?jk=d017610d9828199c
,,,
Healthcare Real World Data Analyst 담당자,"
IQVIA",서울,https://kr.indeed.com/%EC%B1%84%EC%9A%A9%EB%B3%B4%EA%B8%B0?jk=a746de9c7a6168ef
,,,
Site Engineer (Seoul),"
Motion2AI",서울,https://kr.indeed.com/%EC%B1%84%EC%9A%A9%EB%B3%B4%EA%B8%B0?jk=8da5c72baf146123
,,,
"Applications Engineer (P&R, physical design)","
Synopsys",서울,https://kr.indeed.com/%EC%B1%84%EC%9A%A9%EB%B3%B4%EA%B8%B0?jk=8ad8f768cd99afcf
,,,
2020년 각 부문 신입/경력,"
더이앤엠",서울,https://kr.indeed.com/%EC%B1%84%EC%9A%A9%EB%B3%B4%EA%B8%B0?jk=ef17560d7d3fb8f3
,,,
파이썬SW 금융분야 특화 챗봇 개발 함께 할 엔지니어,"
파운트",서울 충정로역,https://kr.indeed.com/%EC%B1%84%EC%9A%A9%EB%B3%B4%EA%B8%B0?jk=ffd9cedb23e97344
,,,
인프라 엔지니어,"
RIDI Corp",서울,https://kr.indeed.com/%EC%B1%84%EC%9A%A9%EB%B3%B4%EA%B8%B0?jk=2d86a39d779f0631
,,,
[Biz] 광고 AI 조직 AI/ML/Backend/Data Engineer 경력사원,"
네이버",서울,https://kr.indeed.com/%EC%B1%84%EC%9A%A9%EB%B3%B4%EA%B8%B0?jk=fdb761cfbc5307bd
,,,
데이터 분석 직군 모집,"
넷마블",서울 구로구,https://kr.indeed.com/%EC%B1%84%EC%9A%A9%EB%B3%B4%EA%B8%B0?jk=1c4f1c0b625f5abd
,,,
"데이터마이닝, 빅데이터 큐레이터 외 신입/경력 정규직","
에임즈인터내셔널코리아",서울 강남구,https://kr.indeed.com/%EC%B1%84%EC%9A%A9%EB%B3%B4%EA%B8%B0?jk=1d89fe4b37ab05ed
,,,
연구직 (Java script / C# / Python 가능자 우대),"
패시브제로에너지건축연구소",서울 관악구,https://kr.indeed.com/%EC%B1%84%EC%9A%A9%EB%B3%B4%EA%B8%B0?jk=a473faa6e6ac5062
,,,
퍼즐데이터 역량있는 데이터 분석가,"
주식회사퍼즐데이터",서울 역삼동,https://kr.indeed.com/%EC%B1%84%EC%9A%A9%EB%B3%B4%EA%B8%B0?jk=116009dbf59211ed
,,,
AI 연구 및 개발 직군 모집,"
넷마블",서울 구로구,https://kr.indeed.com/%EC%B1%84%EC%9A%A9%EB%B3%B4%EA%B8%B0?jk=56add096e14a7879
,,,
딥러닝 개발자 정규직,"
바이오에이아이",서울 강남구,https://kr.indeed.com/%EC%B1%84%EC%9A%A9%EB%B3%B4%EA%B8%B0?jk=5b2574aec8e1d083
,,,
"Application Engineer South Korea (Physics, EE)","
Zurich Instruments",대한민국,https://kr.indeed.com/%EC%B1%84%EC%9A%A9%EB%B3%B4%EA%B8%B0?jk=444320d2e49672dc
,,,
"머신러닝, 데이터분석 외 경력 정규직","
에임즈인터내셔널코리아",서울 강남구,https://kr.indeed.com/%EC%B1%84%EC%9A%A9%EB%B3%B4%EA%B8%B0?jk=95946773d4816f0d
,,,
정보전략 담당자 모집,"
넷마블",서울 구로구,https://kr.indeed.com/%EC%B1%84%EC%9A%A9%EB%B3%B4%EA%B8%B0?jk=70767c5d54149524
,,,
[AI/Lab] AI 백엔드 엔지니어 (마케팅 분야),"
버즈니",서울,https://kr.indeed.com/%EC%B1%84%EC%9A%A9%EB%B3%B4%EA%B8%B0?jk=1d2b22a2bcd3256f
,,,
"Principal, Logistics Capacity Planning","
Coupang",서울,https://kr.indeed.com/%EC%B1%84%EC%9A%A9%EB%B3%B4%EA%B8%B0?jk=4da6d596cee1d2e7
,,,
데이터 분석 직군 모집,"
넷마블",서울 구로구,https://kr.indeed.com/%EC%B1%84%EC%9A%A9%EB%B3%B4%EA%B8%B0?jk=1c4f1c0b625f5abd
,,,
Credit Risk 모델러,"
Toss",서울 강남구,https://kr.indeed.com/%EC%B1%84%EC%9A%A9%EB%B3%B4%EA%B8%B0?jk=ad3dfd853ea7ef40
,,,
1월 입사 - 근무 : 종각역 - S/W개발 정규직,"
제스웨어",서울 종로구,https://kr.indeed.com/%EC%B1%84%EC%9A%A9%EB%B3%B4%EA%B8%B0?jk=0a8de9d8ee100dc8
,,,
[전문연구요원] ML/DL 연구원 및 SW 개발자,"
뷰노코리아",서울 서초구,https://kr.indeed.com/%EC%B1%84%EC%9A%A9%EB%B3%B4%EA%B8%B0?jk=73f619e964a56a10
,,,
보안 개발자 모집,"
넷마블",서울 구로구,https://kr.indeed.com/%EC%B1%84%EC%9A%A9%EB%B3%B4%EA%B8%B0?jk=b9a9af798e9d24a5
,,,
데이터분석가,"
PUBG",서울,https://kr.indeed.com/%EC%B1%84%EC%9A%A9%EB%B3%B4%EA%B8%B0?jk=64c604193f28b552
,,,
파이썬SW 금융분야 특화 챗봇 개발 함께 할 엔지니어,"
파운트",서울 충정로역,https://kr.indeed.com/%EC%B1%84%EC%9A%A9%EB%B3%B4%EA%B8%B0?jk=ffd9cedb23e97344
,,,
"웹개발, PHP 신입/경력 정규직","
메먼트",서울 강남구,https://kr.indeed.com/%EC%B1%84%EC%9A%A9%EB%B3%B4%EA%B8%B0?jk=603ebb633cabbe5e
,,,
데이터 분석가,"
스포카",서울 강남구,https://kr.indeed.com/%EC%B1%84%EC%9A%A9%EB%B3%B4%EA%B8%B0?jk=4eff6a88fdd7bb0b
,,,
초지향 스피커용 신호처리 알고리즘(신입 및 경력) 개발자,"
제이디솔루션",서울 금천구,https://kr.indeed.com/%EC%B1%84%EC%9A%A9%EB%B3%B4%EA%B8%B0?jk=0485e434e6335e2e
,,,
SW(모바일앱 및 웹개발) 신입/경력 정규직 개발자,"
더조인",서울 강남구,https://kr.indeed.com/%EC%B1%84%EC%9A%A9%EB%B3%B4%EA%B8%B0?jk=31c8ae4a133b5147
,,,
"마케팅, 웹개발 외 신입/경력 정규직","
내방패밀리",서울 서초구,https://kr.indeed.com/%EC%B1%84%EC%9A%A9%EB%B3%B4%EA%B8%B0?jk=b9b358af4d75f12a
,,,
Staff RFFE Production Test Engineer,"
Qualcomm Korea RFFE Limited",서울,https://kr.indeed.com/%EC%B1%84%EC%9A%A9%EB%B3%B4%EA%B8%B0?jk=eed3a8831600f82e
,,,
데이터분석가,"
RIDI Corp",서울,https://kr.indeed.com/%EC%B1%84%EC%9A%A9%EB%B3%B4%EA%B8%B0?jk=385761a6f14de7c6
,,,
[AI/Lab] Recommender System 리서치 엔지니어,"
버즈니",서울,https://kr.indeed.com/%EC%B1%84%EC%9A%A9%EB%B3%B4%EA%B8%B0?jk=774afc35e3ec6e5a
,,,
[청년디지털일자리] 파이썬(Excel 활용) 업무 전자 부품 등록/관리,"
성호전자",서울 금천구,https://kr.indeed.com/%EC%B1%84%EC%9A%A9%EB%B3%B4%EA%B8%B0?jk=9a0695002b7ffb96
,,,
Data Engineer,"
KidsLoop",서울,https://kr.indeed.com/%EC%B1%84%EC%9A%A9%EB%B3%B4%EA%B8%B0?jk=e899e93a507e6dcb
,,,
S/W 엔지니어 신입/경력 정규직,"
열린친구",서울 용산구,https://kr.indeed.com/%EC%B1%84%EC%9A%A9%EB%B3%B4%EA%B8%B0?jk=ce574f182e88d544
,,,
"머신러닝, 데이터분석 외 경력 정규직","
에임즈인터내셔널코리아",서울 강남구,https://kr.indeed.com/%EC%B1%84%EC%9A%A9%EB%B3%B4%EA%B8%B0?jk=95946773d4816f0d
,,,
[지식베이스] 지식베이스 ML Engineer 경력사원,"
네이버",서울,https://kr.indeed.com/%EC%B1%84%EC%9A%A9%EB%B3%B4%EA%B8%B0?jk=86057c9e18dd442b
,,,
Associate Solutions Architect,"
Amazon Web Services Korea LLC",서울,https://kr.indeed.com/%EC%B1%84%EC%9A%A9%EB%B3%B4%EA%B8%B0?jk=d53c1e2dbb7cf02c
,,,
로봇 시스템 아키텍쳐 및 다중 분산 시스템 아키텍쳐,"
국내 대기업 / 화물 운송업 / 조단위 이상 매출 기업",서울,https://kr.indeed.com/%EC%B1%84%EC%9A%A9%EB%B3%B4%EA%B8%B0?jk=cd98a9350d2fe489
,,,
"데이터사이언스, mSQL 외 경력 정규직","
에임즈인터내셔널코리아",서울 강남구,https://kr.indeed.com/%EC%B1%84%EC%9A%A9%EB%B3%B4%EA%B8%B0?jk=21b3c46baa6219c5
,,,
Web Full-Stack Engineer,"
NVIDIA",서울,https://kr.indeed.com/%EC%B1%84%EC%9A%A9%EB%B3%B4%EA%B8%B0?jk=edf8d34357ba0747
,,,
골프존 경력채용 - AI개발(머신러닝/데이터 엔지니어),"
골프존",서울,https://kr.indeed.com/%EC%B1%84%EC%9A%A9%EB%B3%B4%EA%B8%B0?jk=fcd031afcf77cfad
,,,
Senior Solutions Engineer,"
Confluent",서울,https://kr.indeed.com/%EC%B1%84%EC%9A%A9%EB%B3%B4%EA%B8%B0?jk=6a399a2c059ebbb1
,,,
[PUBG: NEW STATE] Data Analyst,"
PUBG",서울,https://kr.indeed.com/%EC%B1%84%EC%9A%A9%EB%B3%B4%EA%B8%B0?jk=80a65fe76f39fe46
,,,
인프라 엔지니어,"
RIDI Corp",서울,https://kr.indeed.com/%EC%B1%84%EC%9A%A9%EB%B3%B4%EA%B8%B0?jk=2d86a39d779f0631
,,,
Lead Technical Solutions Engineer,"
MightyHive",서울,https://kr.indeed.com/%EC%B1%84%EC%9A%A9%EB%B3%B4%EA%B8%B0?jk=ae2c6294bc277408
,,,
[Creative] Technical Artist,"
PUBG",서울,https://kr.indeed.com/%EC%B1%84%EC%9A%A9%EB%B3%B4%EA%B8%B0?jk=24a2513486b6daf6
,,,
[Search] 글로벌 검색 서비스 개발,"
네이버",서울,https://kr.indeed.com/%EC%B1%84%EC%9A%A9%EB%B3%B4%EA%B8%B0?jk=22192c4556d52108
,,,
[페이플] Back-end 개발자(경력직),"
페이플",서울 마포구,https://kr.indeed.com/%EC%B1%84%EC%9A%A9%EB%B3%B4%EA%B8%B0?jk=dea7641b645a19ec
,,,
Front-end 웹/앱 개발자 (병역특례 가능),"
스마트디아그노시스",서울 마포구,https://kr.indeed.com/%EC%B1%84%EC%9A%A9%EB%B3%B4%EA%B8%B0?jk=8a48c202f69d2877
,,,
[유망 벤처기업] 데이터사이언티스트,"
인코리아 프로페셔널",서울 강남구,https://kr.indeed.com/%EC%B1%84%EC%9A%A9%EB%B3%B4%EA%B8%B0?jk=082bf625e94f1da2
,,,
모바일&웹 UX/UI 디자인 국비지원 취업연계 교육,"
한국경영혁신중소기업협회",서울 강남구,https://kr.indeed.com/%EC%B1%84%EC%9A%A9%EB%B3%B4%EA%B8%B0?jk=050b4916b0d7c38c
,,,
프로그래머 (어플리케이션 개발자 또는 웹개발자),"
오너클랜",서울 금천구,https://kr.indeed.com/%EC%B1%84%EC%9A%A9%EB%B3%B4%EA%B8%B0?jk=57e0679a1129c28a
,,,
온시큐리티(주) 빅데이터기반 인공지능 네트워크/보안 개발자 정규직,"
온시큐리티",서울 송파구,https://kr.indeed.com/%EC%B1%84%EC%9A%A9%EB%B3%B4%EA%B8%B0?jk=2c229768afa02d2d
,,,
경력직 인재 (랩_신용공여_신용리스크_퀀트_금전채권_리스크_IT감사),"
하나금융투자",서울 여의도,https://kr.indeed.com/%EC%B1%84%EC%9A%A9%EB%B3%B4%EA%B8%B0?jk=cc10ef841a614b42
,,,
[서울 - 청년디지털일자리사업] 모바일 앱 및 어플개발,"
비엔피코리아",서울 강남구,https://kr.indeed.com/%EC%B1%84%EC%9A%A9%EB%B3%B4%EA%B8%B0?jk=68f2d0175dbfce61
,,,
Data Analyst Lead,"
Toss",서울 강남구,https://kr.indeed.com/%EC%B1%84%EC%9A%A9%EB%B3%B4%EA%B8%B0?jk=e745dd08a50c50e4
,,,
자율주행 셔틀 운행요원,"
언맨드솔루션",서울 마포구,https://kr.indeed.com/%EC%B1%84%EC%9A%A9%EB%B3%B4%EA%B8%B0?jk=7b2ab53f3d76a0b0
,,,
Lead AI Platform Developer,"
AITRICS",서울,https://kr.indeed.com/%EC%B1%84%EC%9A%A9%EB%B3%B4%EA%B8%B0?jk=5123207a169f90eb
,,,
Integration Engineer,"
스트라드비젼",서울 강남구,https://kr.indeed.com/%EC%B1%84%EC%9A%A9%EB%B3%B4%EA%B8%B0?jk=da280e20451ce755
,,,
모바일 앱 보안 솔루션 개발부문,"
스틸리언",서울 용산구,https://kr.indeed.com/%EC%B1%84%EC%9A%A9%EB%B3%B4%EA%B8%B0?jk=6718bba08ef6e20b
,,,
Cloud Solution Architect,"
Microsoft",서울,https://kr.indeed.com/%EC%B1%84%EC%9A%A9%EB%B3%B4%EA%B8%B0?jk=d146cfe5dea6a5fa
,,,
AI Service Planning/Business Development,"
AITRICS",서울,https://kr.indeed.com/%EC%B1%84%EC%9A%A9%EB%B3%B4%EA%B8%B0?jk=91aa3bd221ee815b
,,,
Jr. Backend Developer,"
Delivery Tech Hero",서울,https://kr.indeed.com/%EC%B1%84%EC%9A%A9%EB%B3%B4%EA%B8%B0?jk=d6c27e2108eafb61
,,,
"Application Engineer South Korea (Physics, EE)","
Zurich Instruments",대한민국,https://kr.indeed.com/%EC%B1%84%EC%9A%A9%EB%B3%B4%EA%B8%B0?jk=444320d2e49672dc
,,,
Senior Data Scientist,"
Boston Consulting Group",서울,https://kr.indeed.com/%EC%B1%84%EC%9A%A9%EB%B3%B4%EA%B8%B0?jk=77dfad5a778a94c2
,,,
프론트엔드 개발자,"
스포카",서울 강남구,https://kr.indeed.com/%EC%B1%84%EC%9A%A9%EB%B3%B4%EA%B8%B0?jk=b25ed61fb84a5785
,,,
웹 풀스텍 Full-stack (프로덕트 리드),"
주식회사 바운티팜",서울 역삼역,https://kr.indeed.com/%EC%B1%84%EC%9A%A9%EB%B3%B4%EA%B8%B0?jk=184e9f9513a85002
,,,
동국대학교 자율사물(AT)사업단 직원 채용,"
동국대학교",서울 필동,https://kr.indeed.com/%EC%B1%84%EC%9A%A9%EB%B3%B4%EA%B8%B0?jk=47b130ad378a07a6
,,,
[경력] 정보보안팀 리더 및 NITSO Delegate,"
삼정 KPMG",서울 강남구,https://kr.indeed.com/%EC%B1%84%EC%9A%A9%EB%B3%B4%EA%B8%B0?jk=4b65a20afb1d93a1
,,,
Data Engineer,"
Soomgo",서울 강남구,https://kr.indeed.com/%EC%B1%84%EC%9A%A9%EB%B3%B4%EA%B8%B0?jk=5c45a3d19019f932
,,,
Data Engineer,"
Toss",서울 강남구,https://kr.indeed.com/%EC%B1%84%EC%9A%A9%EB%B3%B4%EA%B8%B0?jk=ea092b3fafb8c17f
,,,
[CPLB] Principal Business Analyst (Compliance Trust & Safety),"
Coupang",서울,https://kr.indeed.com/%EC%B1%84%EC%9A%A9%EB%B3%B4%EA%B8%B0?jk=3ed29c073589a53d
,,,
DBA,"
Toss",서울 강남구,https://kr.indeed.com/%EC%B1%84%EC%9A%A9%EB%B3%B4%EA%B8%B0?jk=74d66a601cc8dde0
,,,
Account Executive - Korea,"
Mistplay",서울,https://kr.indeed.com/%EC%B1%84%EC%9A%A9%EB%B3%B4%EA%B8%B0?jk=72abb40412824104
,,,
데이터 엔지니어,"
RIDI Corp",서울,https://kr.indeed.com/%EC%B1%84%EC%9A%A9%EB%B3%B4%EA%B8%B0?jk=ce0ded2592265e1c
,,,
Site Engineer (Seoul),"
Motion2AI",서울,https://kr.indeed.com/%EC%B1%84%EC%9A%A9%EB%B3%B4%EA%B8%B0?jk=8da5c72baf146123
,,,
ERP 담당자 모집,"
넷마블",서울 구로구,https://kr.indeed.com/%EC%B1%84%EC%9A%A9%EB%B3%B4%EA%B8%B0?jk=68875cf86f31569e
,,,
[PUBG: NEW STATE] Data Engineer,"
PUBG",서울,https://kr.indeed.com/%EC%B1%84%EC%9A%A9%EB%B3%B4%EA%B8%B0?jk=f837dc18688a1d0f
,,,
DW Engineer,"
Toss",서울 강남구,https://kr.indeed.com/%EC%B1%84%EC%9A%A9%EB%B3%B4%EA%B8%B0?jk=f437c9ee0ea596a9
,,,
Mid-Market Sales Engineer,"
DataDog",서울,https://kr.indeed.com/%EC%B1%84%EC%9A%A9%EB%B3%B4%EA%B8%B0?jk=52a593e64d404756
,,,
Support Engineer _ Developer Support,"
Microsoft",서울,https://kr.indeed.com/%EC%B1%84%EC%9A%A9%EB%B3%B4%EA%B8%B0?jk=7449dd28faebd96c
,,,
Application Developer,"
Amazon Web Services Korea LLC",서울,https://kr.indeed.com/%EC%B1%84%EC%9A%A9%EB%B3%B4%EA%B8%B0?jk=56ef71094815c15d
,,,
AI플랫폼 백엔드 개발자 모집,"
넷마블",서울 구로구,https://kr.indeed.com/%EC%B1%84%EC%9A%A9%EB%B3%B4%EA%B8%B0?jk=84df664a7eb829bc
,,,
[정규직] Data platform 개발 및 운영,"
SK 씨앤씨",서울,https://kr.indeed.com/%EC%B1%84%EC%9A%A9%EB%B3%B4%EA%B8%B0?jk=bf69f4a993ef31cd
,,,
Business Analyst (Logistics Data and Analytics),"
Coupang",서울,https://kr.indeed.com/%EC%B1%84%EC%9A%A9%EB%B3%B4%EA%B8%B0?jk=01fc064befef8e85
,,,
Junior Full-Stack Developer,"
Asiance",서울,https://kr.indeed.com/%EC%B1%84%EC%9A%A9%EB%B3%B4%EA%B8%B0?jk=7268328c0d71d81c
,,,
Senior Security Consultant,"
Amazon Web Services Korea LLC",서울,https://kr.indeed.com/%EC%B1%84%EC%9A%A9%EB%B3%B4%EA%B8%B0?jk=8ad263934c940c8a
,,,
"Sales Solution Engineer, AEC","
ChilliConnect",서울,https://kr.indeed.com/%EC%B1%84%EC%9A%A9%EB%B3%B4%EA%B8%B0?jk=416aa4182daa101e
,,,
"Principal, Data Engineer (Price Monitoring)","
Coupang",서울,https://kr.indeed.com/%EC%B1%84%EC%9A%A9%EB%B3%B4%EA%B8%B0?jk=65d2da8ff6b48d33
,,,
물류 수/배송 최적화 및 거점 네트워크 설계 전문가 (유명 대기업),"
바이커리어",서울,https://kr.indeed.com/%EC%B1%84%EC%9A%A9%EB%B3%B4%EA%B8%B0?jk=ffacf5c4b4ca412c
,,,
[공통기술부문] 네트워크 엔지니어 (5년 이상),"
우아한 형제들",서울 송파구,https://kr.indeed.com/%EC%B1%84%EC%9A%A9%EB%B3%B4%EA%B8%B0?jk=d542b0a2649c6cac
,,,
백엔드 소프트웨어개발자(정규직),"
데이터킹",서울 금천구,https://kr.indeed.com/%EC%B1%84%EC%9A%A9%EB%B3%B4%EA%B8%B0?jk=5113731fabe67ad2
,,,
Credit Risk Manager,"
Toss",서울 강남구,https://kr.indeed.com/%EC%B1%84%EC%9A%A9%EB%B3%B4%EA%B8%B0?jk=3929f9c03665e38e
,,,
안드로이드 개발자,"
스포카",서울 강남구,https://kr.indeed.com/%EC%B1%84%EC%9A%A9%EB%B3%B4%EA%B8%B0?jk=36a418cd05c30a44
,,,
[Biz] Global AD Media Side Tech Engineer 경력사원,"
네이버",서울,https://kr.indeed.com/%EC%B1%84%EC%9A%A9%EB%B3%B4%EA%B8%B0?jk=a3886e064eb2d0b5
,,,
"R프로그램(데이터분석, 빅데이터) 인터넷원격훈련 강사","
주경야독",서울 금천구,https://kr.indeed.com/%EC%B1%84%EC%9A%A9%EB%B3%B4%EA%B8%B0?jk=e0bc6265a61f1260
,,,
"C·C++, JAVA 외 경력 정규직","
데이빅스",서울 구로구,https://kr.indeed.com/%EC%B1%84%EC%9A%A9%EB%B3%B4%EA%B8%B0?jk=ae1b9a320e54bc5e
,,,
크라우드웍스 개발 & 데이터 PM직군 경력직,"
크라우드웍스",서울 강남구,https://kr.indeed.com/%EC%B1%84%EC%9A%A9%EB%B3%B4%EA%B8%B0?jk=2a1bed8389c2ada0
,,,
"웹개발, JAVA 외 경력 정규직, 계약직","
오에스씨코리아이카이카",서울 서초구,https://kr.indeed.com/%EC%B1%84%EC%9A%A9%EB%B3%B4%EA%B8%B0?jk=957b9bde11462dce
,,,
CTO 혁신추진실 AID팀 Machine Learning&AI 정규직,"
이투스교육",서울 강남구,https://kr.indeed.com/%EC%B1%84%EC%9A%A9%EB%B3%B4%EA%B8%B0?jk=f611a72cc9b1761e
,,,
Senior Business Analyst (HPC & Beauty Excellence),"
Coupang",서울,https://kr.indeed.com/%EC%B1%84%EC%9A%A9%EB%B3%B4%EA%B8%B0?jk=0bc2f1845eb6e623
,,,
"iOS, Android 외 신입/경력 정규직","
스마트디아그노시스",서울 마포구,https://kr.indeed.com/%EC%B1%84%EC%9A%A9%EB%B3%B4%EA%B8%B0?jk=97e7cdac4a9c1b58
,,,
백엔드 개발자,"
뉴트리션코트",서울 강남구,https://kr.indeed.com/%EC%B1%84%EC%9A%A9%EB%B3%B4%EA%B8%B0?jk=d621cbb75440764e
,,,
[공통기술부문] 클라우드 엔지니어 (3년 이상),"
우아한 형제들",서울 송파구,https://kr.indeed.com/%EC%B1%84%EC%9A%A9%EB%B3%B4%EA%B8%B0?jk=96f799b6772a2fc8
,,,
Principal Solutions Integration Developer,"
Nuance",서울,https://kr.indeed.com/%EC%B1%84%EC%9A%A9%EB%B3%B4%EA%B8%B0?jk=0fb5acdbc8a15af9
,,,
프론트엔드 정규직,"
바이오에이아이",서울 강남구,https://kr.indeed.com/%EC%B1%84%EC%9A%A9%EB%B3%B4%EA%B8%B0?jk=a4015a0d112e9569
,,,
SOFTWARE ENGINEER - BACKEND,"
ODK Media, Inc.",서울 강남구,https://kr.indeed.com/%EC%B1%84%EC%9A%A9%EB%B3%B4%EA%B8%B0?jk=6e4170888fdd92a5
,,,
Data analytics & Ad Operations manager,"
Dentsu Aegis Network",서울,https://kr.indeed.com/%EC%B1%84%EC%9A%A9%EB%B3%B4%EA%B8%B0?jk=f82b428f076301bc
,,,
[크리스베럴 주식회사]보안컨설팅,"
크리스베럴",서울 잠실동,https://kr.indeed.com/%EC%B1%84%EC%9A%A9%EB%B3%B4%EA%B8%B0?jk=c45ee94995fdb1ea
,,,
메가스터디 교육그룹 C언어 C++ 빅데이터 강사,"
커리어게이트",서울 마포구,https://kr.indeed.com/%EC%B1%84%EC%9A%A9%EB%B3%B4%EA%B8%B0?jk=54785aded2c1d98b
,,,
인프라 기술 담당자 모집,"
넷마블",서울 구로구,https://kr.indeed.com/%EC%B1%84%EC%9A%A9%EB%B3%B4%EA%B8%B0?jk=f1f52bf8a7baa66d
,,,
주식회사 내방패밀리 웹 & 앱 개발 직무,"
내방패밀리",서울 서초구,https://kr.indeed.com/%EC%B1%84%EC%9A%A9%EB%B3%B4%EA%B8%B0?jk=bb21c13e3bc6193f
,,,
"Application Engineer South Korea (Physics, EE)","
Zurich Instruments",대한민국,https://kr.indeed.com/%EC%B1%84%EC%9A%A9%EB%B3%B4%EA%B8%B0?jk=444320d2e49672dc
,,,
(주)선도소프트 공채 사원,"
선도소프트",서울 금천구,https://kr.indeed.com/%EC%B1%84%EC%9A%A9%EB%B3%B4%EA%B8%B0?jk=4d761ff51a61aeed
